,text,general_tags,specific_tags,token_tagset
0,"Found a pair of Sperry Topsiders for 3 , 500 pesos and Swatch Seasiders for 2 , 700 pesos .","['VBPT', 'FW', 'NOUN', 'IN', 'FW', 'PROPN', 'IN', 'CD', 'PUNC', 'CD', 'FW', 'CONJ', 'PROPN', 'PROPN', 'IN', 'CD', 'PUNC', 'CD', 'NOUN', 'PUNC']","['VBD', 'FW', 'NN', 'IN', 'FW', 'NNPS', 'IN', 'CDB', 'PMC', 'CDB', 'FW', 'CC', 'NNP', 'NNPS', 'IN', 'CDB', 'PMC', 'CDB', 'NNC', 'PMP']","['Spacy', 'MGNN', 'Spacy', 'Spacy', 'MGNN', 'Spacy', 'Spacy', 'MGNN', 'MGNN', 'MGNN', 'MGNN', 'Spacy', 'Spacy', 'Spacy', 'Spacy', 'MGNN', 'MGNN', 'MGNN', 'MGNN', 'MGNN']"
1,Simula pa 'to kahapon .,"['RB', 'RB', 'PUNC', 'JJ', 'PUNC']","['RBW', 'RBI', '``', 'JJD', 'PMP']","['MGNN', 'MGNN', 'Spacy', 'MGNN', 'MGNN']"
2,"Feeling horny tonightIf youre around the area and feeling the same way , just leave me a message and susunduin kita","['PROPN', 'JJ', 'PROPN', 'PR', 'VBPR', 'IN', 'DT', 'NOUN', 'FW', 'VBPR', 'DT', 'FW', 'PUNC', 'PUNC', 'RB', 'VB', 'FW', 'DT', 'NOUN', 'VBFT', 'NOUN']","['NNP', 'JJ', 'NNP', 'PRP', 'VBP', 'IN', 'DT', 'NN', 'FW', 'VBG', 'DT', 'FW', 'PMC', ',', 'RB', 'VB', 'FW', 'DT', 'NN', 'VBTF', 'NNC']","['MGNN', 'Spacy', 'Spacy', 'Spacy', 'Spacy', 'Spacy', 'Spacy', 'Spacy', 'MGNN', 'Spacy', 'Spacy', 'MGNN', 'MGNN', 'Spacy', 'Spacy', 'Spacy', 'MGNN', 'Spacy', 'Spacy', 'MGNN', 'MGNN']"
3,"Chat or DM for my tele to swap photos , lets sew if we match .","['NOUN', 'CONJ', 'PROPN', 'IN', 'PR', 'NOUN', 'TO', 'FW', 'NOUN', 'PUNC', 'VBPR', 'VB', 'IN', 'PR', 'VBPR', 'PUNC']","['NN', 'CC', 'NNPA', 'IN', 'PRP$', 'NN', 'TO', 'FW', 'NNS', 'PMC', 'VBZ', 'VB', 'IN', 'PRP', 'VBP', 'PMP']","['Spacy', 'Spacy', 'MGNN', 'Spacy', 'Spacy', 'Spacy', 'Spacy', 'MGNN', 'Spacy', 'MGNN', 'Spacy', 'Spacy', 'Spacy', 'Spacy', 'Spacy', 'MGNN']"
4,Hmu kung merong interested .,"['NOUN', 'CONJ', 'VB', 'JJ', 'PUNC']","['NN', 'CCR', 'VBH', 'JJ', 'PMP']","['Spacy', 'MGNN', 'MGNN', 'Spacy', 'MGNN']"
5,Siguro what I can offer lang is yung experience na lumabas ka with an average girl HAHAHAHAHA sabi ng friends ko funny ako kasama so malay mo mapatawa kita kahit papano .,"['RB', 'PR', 'CD', 'FW', 'VB', 'RB', 'VBPR', 'PR', 'NOUN', 'CCP', 'VBPT', 'PR', 'IN', 'DT', 'JJ', 'NOUN', 'FW', 'VB', 'CONJ', 'NOUN', 'PR', 'PROPN', 'PR', 'CONJ', 'RB', 'NOUN', 'PROPN', 'VB', 'NOUN', 'CONJ', 'RB', 'PUNC']","['RBM', 'WP', 'CDB', 'FW', 'VB', 'RBI', 'VBZ', 'PRO', 'NN', 'CCP', 'VBTS', 'PRS', 'IN', 'DTC', 'JJ', 'NN', 'FW', 'VBS', 'CCB', 'NNS', 'PRS', 'NNP', 'PRS', 'CCB', 'RB', 'NNC', 'NNP', 'VBW', 'NNC', 'CCT', 'RBQ', 'PMP']","['MGNN', 'Spacy', 'MGNN', 'MGNN', 'Spacy', 'MGNN', 'Spacy', 'MGNN', 'Spacy', 'MGNN', 'MGNN', 'MGNN', 'Spacy', 'MGNN', 'Spacy', 'Spacy', 'MGNN', 'MGNN', 'MGNN', 'Spacy', 'MGNN', 'Spacy', 'MGNN', 'MGNN', 'Spacy', 'MGNN', 'Spacy', 'MGNN', 'MGNN', 'MGNN', 'MGNN', 'MGNN']"
6,Dm your ASL kung gusto ng massage .,"['PROPN', 'PR', 'PROPN', 'CONJ', 'VB', 'CONJ', 'NOUN', 'PUNC']","['NNP', 'PRP$', 'NNPA', 'CCR', 'VBS', 'CCB', 'NN', 'PMP']","['MGNN', 'Spacy', 'MGNN', 'MGNN', 'MGNN', 'MGNN', 'Spacy', 'MGNN']"
7,"Sa trabaho ko sa ER , may nagsuicide attempt na pasyente , pagdating sa ospital buong mukha nya violet na .","['CONJ', 'NOUN', 'PR', 'CONJ', 'PROPN', 'PUNC', 'VB', 'VBPT', 'VB', 'CCP', 'NOUN', 'PUNC', 'NOUN', 'CONJ', 'NOUN', 'PR', 'NOUN', 'PR', 'PROPN', 'CCP', 'PUNC']","['CCT', 'NNC', 'PRS', 'CCT', 'NNP', 'PMC', 'VBH', 'VBTS', 'VB', 'CCP', 'NNC', 'PMC', 'NNC', 'CCT', 'NNC', 'PRI', 'NNC', 'PRS', 'NNP', 'CCP', 'PMP']","['MGNN', 'MGNN', 'MGNN', 'MGNN', 'Spacy', 'MGNN', 'MGNN', 'MGNN', 'Spacy', 'MGNN', 'MGNN', 'MGNN', 'MGNN', 'MGNN', 'MGNN', 'MGNN', 'MGNN', 'MGNN', 'Spacy', 'MGNN', 'MGNN']"
8,Is there any way to restore said photos & videos ?,"['VBPR', 'EX', 'FW', 'FW', 'TO', 'VB', 'VBPT', 'NOUN', 'SYM', 'NOUN', 'PUNC']","['VBZ', 'EX', 'FW', 'FW', 'TO', 'VB', 'VBN', 'NNS', 'PMS', 'NNS', 'PMQ']","['Spacy', 'Spacy', 'MGNN', 'MGNN', 'Spacy', 'Spacy', 'Spacy', 'Spacy', 'MGNN', 'Spacy', 'MGNN']"
9,"yes , you read it right .","['UH', 'PUNC', 'PR', 'VBPR', 'PR', 'RB', 'PUNC']","['UH', 'PMC', 'PRP', 'VBP', 'PRP', 'RB', 'PMP']","['Spacy', 'MGNN', 'Spacy', 'Spacy', 'Spacy', 'Spacy', 'MGNN']"
10,No offense to Pacman fans .,"['DT', 'NOUN', 'IN', 'PROPN', 'NOUN', 'PUNC']","['DT', 'NN', 'IN', 'NNP', 'NNS', 'PMP']","['Spacy', 'Spacy', 'Spacy', 'MGNN', 'Spacy', 'MGNN']"
11,"No expectations , just free flowing conversations","['DT', 'NOUN', 'PUNC', 'RB', 'JJ', 'VBPR', 'NOUN']","['DT', 'NNS', 'PMC', 'RB', 'JJ', 'VBG', 'NNS']","['Spacy', 'Spacy', 'MGNN', 'Spacy', 'Spacy', 'Spacy', 'Spacy']"
12,"Maghihingi ng pera tapos pag di nabigyan , maguguilt-trip siya or mangongonsensya .","['PROPN', 'CONJ', 'NOUN', 'RB', 'CONJ', 'RB', 'VBPT', 'PUNC', 'VB', 'PR', 'NOUN', 'NOUN', 'PUNC']","['NNP', 'CCB', 'NNC', 'RBW', 'CCR', 'RBF', 'VBTS', 'PMC', 'VBW', 'PRS', 'NN', 'NNC', 'PMP']","['MGNN', 'MGNN', 'MGNN', 'MGNN', 'MGNN', 'MGNN', 'MGNN', 'MGNN', 'MGNN', 'MGNN', 'Spacy', 'MGNN', 'MGNN']"
13,Naaalala ko pa naman mga pinaggagagawa ko nung araw na yun .,"['VBPR', 'PR', 'RB', 'RB', 'DT', 'VBPR', 'PR', 'RB', 'NOUN', 'CCP', 'PR', 'PUNC']","['VBTR', 'PRS', 'RBI', 'RBI', 'DTCP', 'VBTR', 'PRS', 'RBW', 'NNC', 'CCP', 'PRO', 'PMP']","['MGNN', 'MGNN', 'MGNN', 'MGNN', 'MGNN', 'MGNN', 'MGNN', 'MGNN', 'MGNN', 'MGNN', 'MGNN', 'MGNN']"
14,Nakakainggit SoKor ang ganda ng paghandle nila sa covid 19 .,"['VBPR', 'NOUN', 'DT', 'NOUN', 'CONJ', 'NOUN', 'PR', 'CONJ', 'PROPN', 'CD', 'PUNC']","['VBTR', 'NNC', 'DTC', 'NNC', 'CCB', 'NNC', 'PRP', 'CCT', 'NNP', 'CDB', 'PMP']","['MGNN', 'MGNN', 'MGNN', 'MGNN', 'MGNN', 'MGNN', 'MGNN', 'MGNN', 'Spacy', 'MGNN', 'MGNN']"
15,Thank you po sa mga sasagot .,"['VBPR', 'PR', 'PROPN', 'CONJ', 'DT', 'VBFT', 'PUNC']","['VBP', 'PRP', 'NNP', 'CCT', 'DTCP', 'VBTF', 'PMP']","['Spacy', 'Spacy', 'Spacy', 'MGNN', 'MGNN', 'MGNN', 'MGNN']"
16,"Hindi ko talaga maalis sa isip ko , puro kasi ako asa na gagaling siya ng magisa basta may catfood at tubig lang .","['RB', 'PR', 'RB', 'VB', 'CONJ', 'NOUN', 'PR', 'PUNC', 'RB', 'CONJ', 'PR', 'JJ', 'CCP', 'VBFT', 'PR', 'CONJ', 'VB', 'CONJ', 'VB', 'VB', 'IN', 'NOUN', 'RB', 'PUNC']","['RBF', 'PRS', 'RBT', 'VBW', 'CCT', 'NNC', 'PRS', 'PMC', 'RBT', 'CCR', 'PRS', 'JJD', 'CCP', 'VBTF', 'PRS', 'CCB', 'VBW', 'CCB', 'VBH', 'VB', 'IN', 'NNC', 'RBI', 'PMP']","['MGNN', 'MGNN', 'MGNN', 'MGNN', 'MGNN', 'MGNN', 'MGNN', 'MGNN', 'MGNN', 'MGNN', 'MGNN', 'MGNN', 'MGNN', 'MGNN', 'MGNN', 'MGNN', 'MGNN', 'MGNN', 'MGNN', 'Spacy', 'Spacy', 'MGNN', 'MGNN', 'MGNN']"
17,Hope this helps sa mga nagtitipid,"['VB', 'DT', 'VBPR', 'CONJ', 'DT', 'VBPR']","['VB', 'DT', 'VBZ', 'CCT', 'DTCP', 'VBTR']","['Spacy', 'Spacy', 'Spacy', 'MGNN', 'MGNN', 'MGNN']"
18,Kung sino man po sa inyo ang malapit sa baliwag maybe sm baliwag tara kain po at hangout na din saglit since dadaan ako dun .,"['RB', 'PR', 'RB', 'PROPN', 'CONJ', 'PR', 'DT', 'JJ', 'CONJ', 'FW', 'RB', 'FW', 'FW', 'FW', 'NOUN', 'NOUN', 'IN', 'NOUN', 'CCP', 'RB', 'RB', 'IN', 'VBFT', 'PR', 'PR', 'PUNC']","['RBK', 'PRQ', 'RBI', 'NNP', 'CCT', 'PRSP', 'DTC', 'JJD', 'CCT', 'FW', 'RB', 'FW', 'FW', 'FW', 'NNC', 'NN', 'IN', 'NN', 'CCP', 'RBI', 'RBW', 'IN', 'VBTF', 'PRS', 'PRL', 'PMP']","['MGNN', 'MGNN', 'MGNN', 'Spacy', 'MGNN', 'MGNN', 'MGNN', 'MGNN', 'MGNN', 'MGNN', 'Spacy', 'MGNN', 'MGNN', 'MGNN', 'MGNN', 'Spacy', 'Spacy', 'Spacy', 'MGNN', 'MGNN', 'MGNN', 'Spacy', 'MGNN', 'MGNN', 'MGNN', 'MGNN']"
19,Sa mga lugar na pwedeng pumila ay kita kita sa tapat ang senyales na 'Dalawang pila lamang po tayo ' .,"['CONJ', 'DT', 'NOUN', 'CCP', 'RB', 'VB', 'LM', 'NOUN', 'NOUN', 'CONJ', 'JJ', 'DT', 'NOUN', 'CCP', 'NOUN', 'NOUN', 'RB', 'PROPN', 'PR', 'SYM', 'PUNC']","['CCT', 'DTCP', 'NNC', 'CCP', 'RBT', 'VBAF', 'LM', 'NNC', 'NNC', 'CCT', 'JJD', 'DTC', 'NNC', 'CCP', 'NNC', 'NNC', 'RBI', 'NNP', 'PRP', 'PMS', 'PMP']","['MGNN', 'MGNN', 'MGNN', 'MGNN', 'MGNN', 'MGNN', 'MGNN', 'MGNN', 'MGNN', 'MGNN', 'MGNN', 'MGNN', 'MGNN', 'MGNN', 'MGNN', 'MGNN', 'MGNN', 'Spacy', 'MGNN', 'MGNN', 'MGNN']"
20,kasama ang apat na pakete ng ketchup .,"['CONJ', 'DT', 'CD', 'CCP', 'NOUN', 'CONJ', 'NOUN', 'PUNC']","['CCB', 'DTC', 'JJN', 'CCP', 'NNC', 'CCB', 'NN', 'PMP']","['MGNN', 'MGNN', 'MGNN', 'MGNN', 'MGNN', 'MGNN', 'Spacy', 'MGNN']"
21,"Hi , anyone down para usap lang chill ?","['PROPN', 'PUNC', 'NOUN', 'IN', 'CONJ', 'NOUN', 'RB', 'NOUN', 'PUNC']","['NNP', 'PMC', 'NN', 'IN', 'CCT', 'NNC', 'RBI', 'NN', 'PMQ']","['MGNN', 'MGNN', 'Spacy', 'Spacy', 'MGNN', 'MGNN', 'MGNN', 'Spacy', 'MGNN']"
22,"Nakakapagod na tuwing umaga wala , walang tawag , walang message kahit nga sa mga kapatid mo wala .","['VBPR', 'CCP', 'RB', 'RB', 'VB', 'PUNC', 'VB', 'NOUN', 'PUNC', 'VB', 'PROPN', 'CONJ', 'RB', 'CONJ', 'DT', 'NOUN', 'PROPN', 'VB', 'PUNC']","['VBTR', 'CCP', 'RBW', 'RBW', 'VBN', 'PMC', 'VBN', 'NNC', 'PMC', 'VBN', 'NNP', 'CCT', 'RBI', 'CCT', 'DTCP', 'NNC', 'NNP', 'VBN', 'PMP']","['MGNN', 'MGNN', 'MGNN', 'MGNN', 'MGNN', 'MGNN', 'MGNN', 'MGNN', 'MGNN', 'MGNN', 'Spacy', 'MGNN', 'MGNN', 'MGNN', 'MGNN', 'MGNN', 'Spacy', 'MGNN', 'MGNN']"
23,Indiong nasanay sa salitang `` pwede na '' kung saan naging parte na ito ng normal na pamumuhay .,"['PROPN', 'VBPT', 'CONJ', 'NOUN', 'FW', 'RB', 'CCP', 'SYM', 'RB', 'RB', 'VBPT', 'VBPR', 'CCP', 'PR', 'CONJ', 'JJ', 'CCP', 'NOUN', 'PUNC']","['NNP', 'VBTS', 'CCT', 'NNC', 'FW', 'RBT', 'CCP', 'PMS', 'RBK', 'RBQ', 'VBTS', 'VBG', 'CCP', 'PRO', 'CCB', 'JJD', 'CCP', 'NNC', 'PMP']","['MGNN', 'MGNN', 'MGNN', 'MGNN', 'MGNN', 'MGNN', 'MGNN', 'MGNN', 'MGNN', 'MGNN', 'MGNN', 'Spacy', 'MGNN', 'MGNN', 'MGNN', 'MGNN', 'MGNN', 'MGNN', 'MGNN']"
24,"Hindi pa rin sapat ang boses ng mga taong handang isigaw ang tama , handang ipaglaban ang bayan , upang ipakita at iparinig sa mga taong nananatiling bulag at bingi na hindi na tama ang mga nangyayari .","['RB', 'RB', 'RB', 'JJ', 'DT', 'NOUN', 'CONJ', 'DT', 'NOUN', 'JJ', 'VB', 'DT', 'JJ', 'PUNC', 'RB', 'VB', 'DT', 'NOUN', 'PUNC', 'CONJ', 'VB', 'IN', 'VB', 'CONJ', 'DT', 'NOUN', 'VBPR', 'JJ', 'IN', 'JJ', 'CCP', 'RB', 'CCP', 'JJ', 'DT', 'DT', 'VBPR', 'PUNC']","['RBF', 'RBI', 'RBI', 'JJD', 'DTC', 'NNC', 'CCB', 'DTCP', 'NNC', 'JJD', 'VBOF', 'DTC', 'JJD', 'PMC', 'RBD', 'VBOB', 'DTC', 'NNC', 'PMC', 'CCB', 'VBOF', 'IN', 'VBOF', 'CCT', 'DTCP', 'NNC', 'VBTR', 'JJD', 'IN', 'JJD', 'CCP', 'RBF', 'CCP', 'JJD', 'DTC', 'DTCP', 'VBTR', 'PMP']","['MGNN', 'MGNN', 'MGNN', 'MGNN', 'MGNN', 'MGNN', 'MGNN', 'MGNN', 'MGNN', 'MGNN', 'MGNN', 'MGNN', 'MGNN', 'MGNN', 'MGNN', 'MGNN', 'MGNN', 'MGNN', 'MGNN', 'MGNN', 'MGNN', 'Spacy', 'MGNN', 'MGNN', 'MGNN', 'MGNN', 'MGNN', 'MGNN', 'Spacy', 'MGNN', 'MGNN', 'MGNN', 'MGNN', 'MGNN', 'MGNN', 'MGNN', 'MGNN', 'MGNN']"
25,"Kung ganito lang din naman pala sistema nila lilipat nalang ako , naapektohan na trabaho ko tapos posible pang ulitin ng mga hayop habang hindi nila babawas yung mga araw na nawalan ka ng net .","['CONJ', 'PR', 'RB', 'RB', 'RB', 'NOUN', 'NOUN', 'PR', 'VBFT', 'VBPT', 'PR', 'PUNC', 'VBPT', 'CCP', 'NOUN', 'PR', 'RB', 'RB', 'RB', 'VB', 'CONJ', 'DT', 'NOUN', 'RB', 'RB', 'PR', 'VBFT', 'PR', 'DT', 'NOUN', 'CCP', 'VBPT', 'PR', 'CONJ', 'PROPN', 'PUNC']","['CCR', 'PRC', 'RBI', 'RBI', 'RBI', 'NNC', 'NNC', 'PRP', 'VBTF', 'VBTS', 'PRS', 'PMC', 'VBTS', 'CCP', 'NNC', 'PRS', 'RBW', 'RBT', 'RBI', 'VBOF', 'CCB', 'DTCP', 'NNC', 'RBW', 'RBF', 'PRP', 'VBTF', 'PRO', 'DTCP', 'NNC', 'CCP', 'VBTS', 'PRS', 'CCB', 'NNP', 'PMP']","['MGNN', 'MGNN', 'MGNN', 'MGNN', 'MGNN', 'MGNN', 'MGNN', 'MGNN', 'MGNN', 'MGNN', 'MGNN', 'MGNN', 'MGNN', 'MGNN', 'MGNN', 'MGNN', 'MGNN', 'MGNN', 'MGNN', 'MGNN', 'MGNN', 'MGNN', 'MGNN', 'MGNN', 'MGNN', 'MGNN', 'MGNN', 'MGNN', 'MGNN', 'MGNN', 'MGNN', 'MGNN', 'MGNN', 'MGNN', 'Spacy', 'MGNN']"
26,"Ang problema dito kapag nabuko o sumablay , lalong matutunaw ng tuluyan ang dilawan .","['DT', 'NOUN', 'PR', 'CONJ', 'VBPT', 'PROPN', 'VB', 'PUNC', 'JJ', 'VBFT', 'CONJ', 'NOUN', 'DT', 'NOUN', 'PUNC']","['DTC', 'NNC', 'PRL', 'CCR', 'VBTS', 'NNP', 'VBAF', 'PMC', 'JJCC', 'VBTF', 'CCB', 'NNC', 'DTC', 'NNC', 'PMP']","['MGNN', 'MGNN', 'MGNN', 'MGNN', 'MGNN', 'Spacy', 'MGNN', 'MGNN', 'MGNN', 'MGNN', 'MGNN', 'MGNN', 'MGNN', 'MGNN', 'MGNN']"
27,sabi n'ya habang maya't-mayang tinutulak ng kanyang daliri ang salamin n'yang dumudulas sa kanyang matangos na ilong .,"['VB', 'PR', 'RB', 'RB', 'VBPR', 'CONJ', 'PR', 'NOUN', 'DT', 'NOUN', 'NOUN', 'VB', 'CONJ', 'PR', 'JJ', 'CCP', 'NOUN', 'PUNC']","['VBS', 'PRS', 'RBW', 'RBD', 'VBTR', 'CCB', 'PRSP', 'NNC', 'DTC', 'NNC', 'NNC', 'VBAF', 'CCT', 'PRSP', 'JJD', 'CCP', 'NNC', 'PMP']","['MGNN', 'MGNN', 'MGNN', 'MGNN', 'MGNN', 'MGNN', 'MGNN', 'MGNN', 'MGNN', 'MGNN', 'MGNN', 'MGNN', 'MGNN', 'MGNN', 'MGNN', 'MGNN', 'MGNN', 'MGNN']"
28,"Kung magtayo ako ng internet company , tapos : 1 ) i-declare ko na ang base of operations ko ay Syria ; 2 ) ang server na inuupahan ko ay nasa America ; 3 ) at ako ay expat dito sa Pilipinas ; Saan ako magbabayad dapat ng income tax , Syria ba o America o Pilipinas ?","['CONJ', 'VB', 'PR', 'CONJ', 'NOUN', 'NOUN', 'PUNC', 'RB', 'SYM', 'CD', 'SYM', 'PR', 'PR', 'CCP', 'DT', 'IN', 'PROPN', 'NOUN', 'PR', 'LM', 'PROPN', 'PUNC', 'CD', 'SYM', 'DT', 'PUNC', 'CCP', 'VBPR', 'PR', 'LM', 'RB', 'PROPN', 'PUNC', 'CD', 'SYM', 'SYM', 'PR', 'LM', 'PROPN', 'PR', 'CONJ', 'PROPN', 'PUNC', 'PR', 'PR', 'VBFT', 'VB', 'CONJ', 'PROPN', 'PROPN', 'PUNC', 'NOUN', 'RB', 'PROPN', 'PROPN', 'PROPN', 'PROPN', 'PUNC']","['CCR', 'VBAF', 'PRS', 'CCB', 'NN', 'NN', 'PMC', 'RBW', 'PMS', 'CDB', 'PMS', 'PRP', 'PRS', 'CCP', 'DTC', 'IN', 'NNP', 'NN', 'PRS', 'LM', 'NNP', 'PMSC', 'CDB', 'PMS', 'DTC', '-RRB-', 'CCP', 'VBTR', 'PRS', 'LM', 'RBL', 'NNP', 'PMSC', 'CDB', 'PMS', 'LS', 'PRS', 'LM', 'NNP', 'PRL', 'CCT', 'NNP', 'PMSC', 'PRQ', 'PRS', 'VBTF', 'VBS', 'CCB', 'NNP', 'NNP', 'PMC', 'NN', 'RBI', 'NNP', 'NNP', 'NNP', 'NNP', 'PMQ']","['MGNN', 'MGNN', 'MGNN', 'MGNN', 'Spacy', 'Spacy', 'MGNN', 'MGNN', 'MGNN', 'MGNN', 'MGNN', 'Spacy', 'MGNN', 'MGNN', 'MGNN', 'Spacy', 'Spacy', 'Spacy', 'MGNN', 'MGNN', 'Spacy', 'MGNN', 'MGNN', 'MGNN', 'MGNN', 'Spacy', 'MGNN', 'MGNN', 'MGNN', 'MGNN', 'MGNN', 'Spacy', 'MGNN', 'MGNN', 'MGNN', 'Spacy', 'MGNN', 'MGNN', 'Spacy', 'MGNN', 'MGNN', 'MGNN', 'MGNN', 'MGNN', 'MGNN', 'MGNN', 'MGNN', 'MGNN', 'Spacy', 'Spacy', 'MGNN', 'Spacy', 'MGNN', 'Spacy', 'Spacy', 'Spacy', 'MGNN', 'MGNN']"
29,yung seller nakakainis hindi siya accommodating hays sakit sa ulo,"['PR', 'PROPN', 'VBPR', 'RB', 'PR', 'VBPR', 'NOUN', 'NOUN', 'CONJ', 'NOUN']","['PRO', 'NNP', 'VBTR', 'RBF', 'PRS', 'VBG', 'NNS', 'NNC', 'CCT', 'NNC']","['MGNN', 'Spacy', 'MGNN', 'MGNN', 'MGNN', 'Spacy', 'Spacy', 'MGNN', 'MGNN', 'MGNN']"
30,Tinatag nila ang RCBC para dito itago ang nakuha nilang kayamanan .,"['VBPT', 'PR', 'DT', 'PROPN', 'CONJ', 'PR', 'VB', 'DT', 'VBPT', 'PR', 'NOUN', 'PUNC']","['VBTS', 'PRP', 'DTC', 'NNPA', 'CCT', 'PRL', 'VBOF', 'DTC', 'VBTS', 'PRP', 'NNC', 'PMP']","['MGNN', 'MGNN', 'MGNN', 'MGNN', 'MGNN', 'MGNN', 'MGNN', 'MGNN', 'MGNN', 'MGNN', 'MGNN', 'MGNN']"
31,Ikaw ay dapat humihinga at may kadaldalan .,"['PROPN', 'LM', 'VB', 'VBPR', 'IN', 'VB', 'NOUN', 'PUNC']","['NNP', 'LM', 'VBS', 'VBTR', 'IN', 'VBH', 'NNC', 'PMP']","['MGNN', 'MGNN', 'MGNN', 'MGNN', 'Spacy', 'MGNN', 'MGNN', 'MGNN']"
32,Im looking for an EXCLUSIVE and CONSTANT FWB .,"['PROPN', 'VBPR', 'VBPR', 'DT', 'DT', 'JJ', 'CONJ', 'PROPN', 'PUNC']","['NNP', 'VBP', 'VBG', 'DTC', 'DT', 'JJ', 'CC', 'NNPA', 'PMP']","['MGNN', 'Spacy', 'Spacy', 'MGNN', 'Spacy', 'Spacy', 'Spacy', 'MGNN', 'MGNN']"
33,pwede po bang magtanong saan po makakabili ng Tricophyton rubrum or Tricophyton mentagrophytes,"['VB', 'PROPN', 'RB', 'VB', 'PR', 'PROPN', 'VBFT', 'CONJ', 'PROPN', 'NOUN', 'CONJ', 'PROPN', 'NOUN']","['VBS', 'NNP', 'RBM', 'VBW', 'PRQ', 'NNP', 'VBTF', 'CCB', 'NNP', 'NN', 'CC', 'NNP', 'NNS']","['MGNN', 'Spacy', 'MGNN', 'MGNN', 'MGNN', 'Spacy', 'MGNN', 'MGNN', 'Spacy', 'Spacy', 'Spacy', 'Spacy', 'Spacy']"
34,"Tapos nakapag orientation na po ako pero hindi pa po ako makapag start kasi yung company pong ito nagbibigay ng support sa ibang company at yung company na pagdedeployan ko po medyo strikto yung security kaya wala pa ako nung mga passes nila , Pero sa lahat lahat pong ito , hindi pa po ako nabibigyan ng contract na pipirmahan considered hired na po ba ako kahit yung job offer palang yung napirmahan ko ?","['RB', 'VBPT', 'NOUN', 'CCP', 'PROPN', 'PR', 'CONJ', 'RB', 'RB', 'PROPN', 'PR', 'VB', 'PROPN', 'CONJ', 'PR', 'PROPN', 'FW', 'PR', 'VBPR', 'CONJ', 'PROPN', 'CONJ', 'PR', 'PROPN', 'IN', 'PR', 'PROPN', 'CCP', 'VB', 'PR', 'PROPN', 'JJ', 'NOUN', 'PR', 'PROPN', 'CONJ', 'VB', 'RB', 'PR', 'RB', 'DT', 'VBPR', 'PR', 'PUNC', 'CONJ', 'CONJ', 'PR', 'PR', 'NOUN', 'PR', 'PUNC', 'RB', 'RB', 'PROPN', 'PR', 'VBPR', 'CONJ', 'NOUN', 'CCP', 'VBFT', 'VBPT', 'VBPT', 'CCP', 'PROPN', 'RB', 'PR', 'CONJ', 'PR', 'NOUN', 'VB', 'NOUN', 'PR', 'VBPT', 'PR', 'PUNC']","['RBW', 'VBTS', 'NN', 'CCP', 'NNP', 'PRS', 'CCT', 'RBF', 'RBI', 'NNP', 'PRS', 'VBW', 'NNP', 'CCR', 'PRO', 'NNP', 'FW', 'PRO', 'VBTR', 'CCB', 'NNP', 'CCT', 'PRI', 'NNP', 'IN', 'PRO', 'NNP', 'CCP', 'VBW', 'PRS', 'NNP', 'JJCC', 'NNC', 'PRO', 'NNP', 'CCR', 'VBN', 'RBI', 'PRS', 'RBW', 'DTCP', 'VBZ', 'PRP', 'PMC', 'CCT', 'CCT', 'PRI', 'PRI', 'NNC', 'PRO', 'PMC', 'RBF', 'RBI', 'NNP', 'PRS', 'VBTR', 'CCB', 'NN', 'CCP', 'VBTF', 'VBN', 'VBN', 'CCP', 'NNP', 'RBI', 'PRS', 'CCT', 'PRO', 'NN', 'VB', 'NNC', 'PRO', 'VBTS', 'PRS', 'PMQ']","['MGNN', 'MGNN', 'Spacy', 'MGNN', 'Spacy', 'MGNN', 'MGNN', 'MGNN', 'MGNN', 'Spacy', 'MGNN', 'MGNN', 'Spacy', 'MGNN', 'MGNN', 'Spacy', 'MGNN', 'MGNN', 'MGNN', 'MGNN', 'Spacy', 'MGNN', 'MGNN', 'Spacy', 'Spacy', 'MGNN', 'Spacy', 'MGNN', 'MGNN', 'MGNN', 'Spacy', 'MGNN', 'MGNN', 'MGNN', 'Spacy', 'MGNN', 'MGNN', 'MGNN', 'MGNN', 'MGNN', 'MGNN', 'Spacy', 'MGNN', 'MGNN', 'MGNN', 'MGNN', 'MGNN', 'MGNN', 'MGNN', 'MGNN', 'MGNN', 'MGNN', 'MGNN', 'Spacy', 'MGNN', 'MGNN', 'MGNN', 'Spacy', 'MGNN', 'MGNN', 'Spacy', 'Spacy', 'MGNN', 'Spacy', 'MGNN', 'MGNN', 'MGNN', 'MGNN', 'Spacy', 'Spacy', 'MGNN', 'MGNN', 'MGNN', 'MGNN', 'MGNN']"
35,So if you are someone who craves for something or gustong manuod ng movie or gustong magvideoke pero walang kasama ?,"['RB', 'IN', 'PR', 'VBPR', 'NOUN', 'PR', 'VBPR', 'IN', 'NOUN', 'CONJ', 'VB', 'VB', 'CONJ', 'NOUN', 'CONJ', 'VB', 'VBFT', 'CONJ', 'VB', 'CONJ', 'PUNC']","['RB', 'IN', 'PRP', 'VBP', 'NN', 'WP', 'VBZ', 'IN', 'NN', 'CC', 'VBS', 'VBW', 'CCB', 'NN', 'CC', 'VBS', 'VBTF', 'CCT', 'VBN', 'CCB', 'PMQ']","['Spacy', 'Spacy', 'Spacy', 'Spacy', 'Spacy', 'Spacy', 'Spacy', 'Spacy', 'Spacy', 'Spacy', 'MGNN', 'MGNN', 'MGNN', 'Spacy', 'Spacy', 'MGNN', 'MGNN', 'MGNN', 'MGNN', 'MGNN', 'MGNN']"
